source,origin,label,brand,variant,hierarchy_role,final_decision,kg_status,existing_slug,outcome,seed_brand,seed_slug,model_token,reason
overlay_182,user_authoritative_addition,Fender American Professional II Stratocaster,Fender,Fender American Professional II Stratocaster,matchable_canonical_product,core,missing_from_kg,,added_verified_kg_product,fender,fender-american-professional-ii-stratocaster,American Professional II Stratocaster,exact brand + precise model boundary; carried in the canonical seed at known/private/unmonitored
overlay_182,user_authoritative_addition,Fender American Ultra Stratocaster,Fender,Fender American Ultra Stratocaster,matchable_canonical_product,reserve,missing_from_kg,,added_verified_kg_product,fender,fender-american-ultra-stratocaster,American Ultra Stratocaster,exact brand + precise model boundary; carried in the canonical seed at known/private/unmonitored
overlay_182,user_authoritative_addition,Fender American Vintage II Stratocaster,Fender,Fender American Vintage II Stratocaster,matchable_canonical_product,reserve,missing_from_kg,,added_verified_kg_product,fender,fender-american-vintage-ii-stratocaster,American Vintage II Stratocaster,exact brand + precise model boundary; carried in the canonical seed at known/private/unmonitored
overlay_182,user_authoritative_addition,Fender Player Stratocaster,Fender,Fender Player Stratocaster,matchable_canonical_product,reserve,missing_from_kg,,added_verified_kg_product,fender,fender-player-stratocaster,Player Stratocaster,exact brand + precise model boundary; carried in the canonical seed at known/private/unmonitored
overlay_182,user_authoritative_addition,Squier Classic Vibe Stratocaster,Squier,Squier Classic Vibe Stratocaster,matchable_canonical_product,excluded,missing_from_kg,,added_verified_kg_product,squier,squier-classic-vibe-stratocaster,Classic Vibe Stratocaster,exact brand + precise model boundary; carried in the canonical seed at known/private/unmonitored
overlay_182,user_authoritative_addition,Fender American Standard Telecaster,Fender,Fender American Standard Telecaster,matchable_canonical_product,reserve,missing_from_kg,,added_verified_kg_product,fender,fender-american-standard-telecaster,American Standard Telecaster,exact brand + precise model boundary; carried in the canonical seed at known/private/unmonitored
overlay_182,user_authoritative_addition,Fender Telecaster Thinline,Fender,Fender Telecaster Thinline,matchable_canonical_product,core,missing_from_kg,,added_verified_kg_product,fender,fender-telecaster-thinline,Telecaster Thinline,exact brand + precise model boundary; carried in the canonical seed at known/private/unmonitored
overlay_182,user_authoritative_addition,Fender Telecaster Custom,Fender,Fender Telecaster Custom,matchable_canonical_product,core,missing_from_kg,,added_verified_kg_product,fender,fender-telecaster-custom,Telecaster Custom,exact brand + precise model boundary; carried in the canonical seed at known/private/unmonitored
overlay_182,user_authoritative_addition,Fender Telecaster Deluxe,Fender,Fender Telecaster Deluxe,matchable_canonical_product,reserve,missing_from_kg,,added_verified_kg_product,fender,fender-telecaster-deluxe,Telecaster Deluxe,exact brand + precise model boundary; carried in the canonical seed at known/private/unmonitored
overlay_182,user_authoritative_addition,Fender American Vintage '52 Telecaster,Fender,Fender American Vintage '52 Telecaster,matchable_canonical_product,core,missing_from_kg,,added_verified_kg_product,fender,fender-american-vintage-52-telecaster,American Vintage '52 Telecaster,exact brand + precise model boundary; carried in the canonical seed at known/private/unmonitored
overlay_182,user_authoritative_addition,Fender American Vintage II Jazzmaster,Fender,Fender American Vintage II Jazzmaster,matchable_canonical_product,reserve,missing_from_kg,,added_verified_kg_product,fender,fender-american-vintage-ii-jazzmaster,American Vintage II Jazzmaster,exact brand + precise model boundary; carried in the canonical seed at known/private/unmonitored
overlay_182,user_authoritative_addition,Fender Troy Van Leeuwen Jazzmaster,Fender,Fender Troy Van Leeuwen Jazzmaster,matchable_canonical_product,excluded,missing_from_kg,,added_verified_kg_product,fender,fender-troy-van-leeuwen-jazzmaster,Troy Van Leeuwen Jazzmaster,exact brand + precise model boundary; carried in the canonical seed at known/private/unmonitored
overlay_182,user_authoritative_addition,Squier J Mascis Jazzmaster,Squier,Squier J Mascis Jazzmaster,matchable_canonical_product,excluded,missing_from_kg,,added_verified_kg_product,squier,squier-j-mascis-jazzmaster,J Mascis Jazzmaster,exact brand + precise model boundary; carried in the canonical seed at known/private/unmonitored
overlay_182,user_authoritative_addition,Fender Kurt Cobain Jaguar,Fender,Fender Kurt Cobain Jaguar,matchable_canonical_product,reserve,missing_from_kg,,added_verified_kg_product,fender,fender-kurt-cobain-jaguar,Kurt Cobain Jaguar,exact brand + precise model boundary; carried in the canonical seed at known/private/unmonitored
overlay_182,user_authoritative_addition,Fender Johnny Marr Jaguar,Fender,Fender Johnny Marr Jaguar,matchable_canonical_product,reserve,exact_kg_product,fender-johnny-marr-jaguar,existing_exact_kg_product,,,Johnny Marr Jaguar,already in the KG as fender-johnny-marr-jaguar
overlay_182,user_authoritative_addition,Gibson Les Paul Standard '50s,Gibson,Gibson Les Paul Standard '50s,matchable_canonical_product,core,missing_from_kg,,added_verified_kg_product,gibson,gibson-les-paul-standard-50s,Les Paul Standard '50s,exact brand + precise model boundary; carried in the canonical seed at known/private/unmonitored
overlay_182,user_authoritative_addition,Gibson Les Paul Standard '60s,Gibson,Gibson Les Paul Standard '60s,matchable_canonical_product,core,missing_from_kg,,added_verified_kg_product,gibson,gibson-les-paul-standard-60s,Les Paul Standard '60s,exact brand + precise model boundary; carried in the canonical seed at known/private/unmonitored
overlay_182,user_authoritative_addition,Gibson Les Paul Custom,Gibson,Gibson Les Paul Custom,matchable_canonical_product,core,exact_kg_product,gibson-les-paul-custom,existing_exact_kg_product,,,Les Paul Custom,already in the KG as gibson-les-paul-custom
overlay_182,user_authoritative_addition,Gibson Les Paul Studio,Gibson,Gibson Les Paul Studio,matchable_canonical_product,core,missing_from_kg,,added_verified_kg_product,gibson,gibson-les-paul-studio,Les Paul Studio,exact brand + precise model boundary; carried in the canonical seed at known/private/unmonitored
overlay_182,user_authoritative_addition,Gibson Les Paul Junior,Gibson,Gibson Les Paul Junior,matchable_canonical_product,reserve,missing_from_kg,,added_verified_kg_product,gibson,gibson-les-paul-junior,Les Paul Junior,exact brand + precise model boundary; carried in the canonical seed at known/private/unmonitored
overlay_182,user_authoritative_addition,Gibson Les Paul Special,Gibson,Gibson Les Paul Special,matchable_canonical_product,core,missing_from_kg,,added_verified_kg_product,gibson,gibson-les-paul-special,Les Paul Special,exact brand + precise model boundary; carried in the canonical seed at known/private/unmonitored
overlay_182,user_authoritative_addition,Gibson Custom Shop Les Paul R7,Gibson,Gibson Custom Shop Les Paul R7,matchable_canonical_product,reserve,missing_from_kg,,added_verified_kg_product,gibson,gibson-custom-shop-les-paul-r7,Custom Shop Les Paul R7,exact brand + precise model boundary; carried in the canonical seed at known/private/unmonitored
overlay_182,user_authoritative_addition,Gibson Custom Shop Les Paul R8,Gibson,Gibson Custom Shop Les Paul R8,matchable_canonical_product,reserve,missing_from_kg,,added_verified_kg_product,gibson,gibson-custom-shop-les-paul-r8,Custom Shop Les Paul R8,exact brand + precise model boundary; carried in the canonical seed at known/private/unmonitored
overlay_182,user_authoritative_addition,Gibson Custom Shop Les Paul R9,Gibson,Gibson Custom Shop Les Paul R9,matchable_canonical_product,reserve,missing_from_kg,,added_verified_kg_product,gibson,gibson-custom-shop-les-paul-r9,Custom Shop Les Paul R9,exact brand + precise model boundary; carried in the canonical seed at known/private/unmonitored
overlay_182,user_authoritative_addition,Gibson Custom Shop Les Paul R0,Gibson,Gibson Custom Shop Les Paul R0,matchable_canonical_product,reserve,missing_from_kg,,added_verified_kg_product,gibson,gibson-custom-shop-les-paul-r0,Custom Shop Les Paul R0,exact brand + precise model boundary; carried in the canonical seed at known/private/unmonitored
overlay_182,user_authoritative_addition,Gibson ES-335 Dot,Gibson,Gibson ES-335 Dot,matchable_canonical_product,core,missing_from_kg,,added_verified_kg_product,gibson,gibson-es-335-dot,ES-335 Dot,exact brand + precise model boundary; carried in the canonical seed at known/private/unmonitored
overlay_182,user_authoritative_addition,Gibson ES-335 Block,Gibson,Gibson ES-335 Block,matchable_canonical_product,reserve,missing_from_kg,,added_verified_kg_product,gibson,gibson-es-335-block,ES-335 Block,exact brand + precise model boundary; carried in the canonical seed at known/private/unmonitored
overlay_182,user_authoritative_addition,Gibson ES-345,Gibson,Gibson ES-345,matchable_canonical_product,reserve,missing_from_kg,,added_verified_kg_product,gibson,gibson-es-345,ES-345,exact brand + precise model boundary; carried in the canonical seed at known/private/unmonitored
overlay_182,user_authoritative_addition,Gibson ES-355,Gibson,Gibson ES-355,matchable_canonical_product,excluded,missing_from_kg,,added_verified_kg_product,gibson,gibson-es-355,ES-355,exact brand + precise model boundary; carried in the canonical seed at known/private/unmonitored
overlay_182,user_authoritative_addition,Gibson ES-330,Gibson,Gibson ES-330,matchable_canonical_product,excluded,missing_from_kg,,added_verified_kg_product,gibson,gibson-es-330,ES-330,exact brand + precise model boundary; carried in the canonical seed at known/private/unmonitored
overlay_182,user_authoritative_addition,Gibson SG Standard,Gibson,Gibson SG Standard,matchable_canonical_product,core,exact_kg_product,gibson-sg-standard-large-guard-with-maestro-vibrola,existing_exact_kg_product,,,SG Standard,already in the KG as gibson-sg-standard-large-guard-with-maestro-vibrola
overlay_182,user_authoritative_addition,Gibson SG 61 Reissue,Gibson,Gibson SG 61 Reissue,matchable_canonical_product,excluded,missing_from_kg,,added_verified_kg_product,gibson,gibson-sg-61-reissue,SG 61 Reissue,exact brand + precise model boundary; carried in the canonical seed at known/private/unmonitored
overlay_182,user_authoritative_addition,Gibson SG Special,Gibson,Gibson SG Special,matchable_canonical_product,reserve,exact_kg_product,gibson-sg-special,existing_exact_kg_product,,,SG Special,already in the KG as gibson-sg-special
overlay_182,user_authoritative_addition,Ibanez JEM7V,Ibanez,Ibanez JEM7V,matchable_canonical_product,excluded,missing_from_kg,,added_verified_kg_product,ibanez,ibanez-jem7v,JEM7V,exact brand + precise model boundary; carried in the canonical seed at known/private/unmonitored
overlay_182,user_authoritative_addition,Ibanez JEM777,Ibanez,Ibanez JEM777,matchable_canonical_product,excluded,missing_from_kg,,added_verified_kg_product,ibanez,ibanez-jem777,JEM777,exact brand + precise model boundary; carried in the canonical seed at known/private/unmonitored
overlay_182,user_authoritative_addition,Ibanez JEMJR,Ibanez,Ibanez JEMJR,matchable_canonical_product,excluded,missing_from_kg,,added_verified_kg_product,ibanez,ibanez-jemjr,JEMJR,exact brand + precise model boundary; carried in the canonical seed at known/private/unmonitored
overlay_182,user_authoritative_addition,Ibanez RG550 Genesis,Ibanez,Ibanez RG550 Genesis,matchable_canonical_product,excluded,missing_from_kg,,added_verified_kg_product,ibanez,ibanez-rg550-genesis,RG550 Genesis,exact brand + precise model boundary; carried in the canonical seed at known/private/unmonitored
overlay_182,user_authoritative_addition,Ibanez RG421,Ibanez,Ibanez RG421,matchable_canonical_product,excluded,missing_from_kg,,added_verified_kg_product,ibanez,ibanez-rg421,RG421,exact brand + precise model boundary; carried in the canonical seed at known/private/unmonitored
overlay_182,user_authoritative_addition,PRS Custom 24,PRS,PRS Custom 24,matchable_canonical_product,reserve,missing_from_kg,,added_verified_kg_product,prs,prs-custom-24,Custom 24,exact brand + precise model boundary; carried in the canonical seed at known/private/unmonitored
overlay_182,user_authoritative_addition,PRS Custom 22,PRS,PRS Custom 22,matchable_canonical_product,excluded,missing_from_kg,,added_verified_kg_product,prs,prs-custom-22,Custom 22,exact brand + precise model boundary; carried in the canonical seed at known/private/unmonitored
overlay_182,user_authoritative_addition,PRS McCarty 594,PRS,PRS McCarty 594,matchable_canonical_product,excluded,missing_from_kg,,added_verified_kg_product,prs,prs-mccarty-594,McCarty 594,exact brand + precise model boundary; carried in the canonical seed at known/private/unmonitored
overlay_182,user_authoritative_addition,PRS Silver Sky,PRS,PRS Silver Sky,matchable_canonical_product,excluded,missing_from_kg,,added_verified_kg_product,prs,prs-silver-sky,Silver Sky,exact brand + precise model boundary; carried in the canonical seed at known/private/unmonitored
overlay_182,user_authoritative_addition,Rickenbacker 330,Rickenbacker,Rickenbacker 330,matchable_canonical_product,excluded,missing_from_kg,,rejected_duplicate_nonproduct_or_unsafe,,,330,unsafe identity: bare short number '330'
overlay_182,user_authoritative_addition,Rickenbacker 360,Rickenbacker,Rickenbacker 360,matchable_canonical_product,excluded,missing_from_kg,,rejected_duplicate_nonproduct_or_unsafe,,,360,unsafe identity: bare short number '360'
overlay_182,user_authoritative_addition,Rickenbacker 360/12,Rickenbacker,Rickenbacker 360/12,matchable_canonical_product,excluded,missing_from_kg,,added_verified_kg_product,rickenbacker,rickenbacker-360-12,360/12,exact brand + precise model boundary; carried in the canonical seed at known/private/unmonitored
overlay_182,user_authoritative_addition,Gretsch G6120 Chet Atkins,Gretsch,Gretsch G6120 Chet Atkins,matchable_canonical_product,excluded,missing_from_kg,,added_verified_kg_product,gretsch,gretsch-g6120-chet-atkins,G6120 Chet Atkins,exact brand + precise model boundary; carried in the canonical seed at known/private/unmonitored
overlay_182,user_authoritative_addition,Gretsch G6136 White Falcon,Gretsch,Gretsch G6136 White Falcon,matchable_canonical_product,excluded,missing_from_kg,,added_verified_kg_product,gretsch,gretsch-g6136-white-falcon,G6136 White Falcon,exact brand + precise model boundary; carried in the canonical seed at known/private/unmonitored
overlay_182,user_authoritative_addition,Gretsch G5420T Electromatic,Gretsch,Gretsch G5420T Electromatic,matchable_canonical_product,excluded,missing_from_kg,,added_verified_kg_product,gretsch,gretsch-g5420t-electromatic,G5420T Electromatic,exact brand + precise model boundary; carried in the canonical seed at known/private/unmonitored
overlay_182,user_authoritative_addition,Fender American Standard Precision Bass,Fender,Fender American Standard Precision Bass,matchable_canonical_product,reserve,missing_from_kg,,added_verified_kg_product,fender,fender-american-standard-precision-bass,American Standard Precision Bass,exact brand + precise model boundary; carried in the canonical seed at known/private/unmonitored
overlay_182,user_authoritative_addition,Fender Precision Bass '51 Reissue,Fender,Fender Precision Bass '51 Reissue,matchable_canonical_product,excluded,exact_kg_product,fender-fender-japan-51-reissue-precision-legacy-bass-1996-97,existing_exact_kg_product,,,Precision Bass '51 Reissue,already in the KG as fender-fender-japan-51-reissue-precision-legacy-bass-1996-97
overlay_182,user_authoritative_addition,Fender Precision Bass '57 Reissue,Fender,Fender Precision Bass '57 Reissue,matchable_canonical_product,excluded,missing_from_kg,,added_verified_kg_product,fender,fender-precision-bass-57-reissue,Precision Bass '57 Reissue,exact brand + precise model boundary; carried in the canonical seed at known/private/unmonitored
overlay_182,user_authoritative_addition,Fender American Standard Jazz Bass,Fender,Fender American Standard Jazz Bass,matchable_canonical_product,reserve,missing_from_kg,,added_verified_kg_product,fender,fender-american-standard-jazz-bass,American Standard Jazz Bass,exact brand + precise model boundary; carried in the canonical seed at known/private/unmonitored
overlay_182,user_authoritative_addition,Yamaha BB1200,Yamaha,Yamaha BB1200,matchable_canonical_product,excluded,missing_from_kg,,added_verified_kg_product,yamaha,yamaha-bb1200,BB1200,exact brand + precise model boundary; carried in the canonical seed at known/private/unmonitored
overlay_182,user_authoritative_addition,Yamaha BB2000,Yamaha,Yamaha BB2000,matchable_canonical_product,excluded,missing_from_kg,,added_verified_kg_product,yamaha,yamaha-bb2000,BB2000,exact brand + precise model boundary; carried in the canonical seed at known/private/unmonitored
overlay_182,user_authoritative_addition,Yamaha BB3000,Yamaha,Yamaha BB3000,matchable_canonical_product,excluded,missing_from_kg,,added_verified_kg_product,yamaha,yamaha-bb3000,BB3000,exact brand + precise model boundary; carried in the canonical seed at known/private/unmonitored
overlay_182,user_authoritative_addition,Yamaha BB434,Yamaha,Yamaha BB434,matchable_canonical_product,excluded,missing_from_kg,,added_verified_kg_product,yamaha,yamaha-bb434,BB434,exact brand + precise model boundary; carried in the canonical seed at known/private/unmonitored
overlay_182,user_authoritative_addition,Yamaha BB734A,Yamaha,Yamaha BB734A,matchable_canonical_product,excluded,missing_from_kg,,added_verified_kg_product,yamaha,yamaha-bb734a,BB734A,exact brand + precise model boundary; carried in the canonical seed at known/private/unmonitored
overlay_182,user_authoritative_addition,Yamaha BBP34,Yamaha,Yamaha BBP34,matchable_canonical_product,excluded,missing_from_kg,,added_verified_kg_product,yamaha,yamaha-bbp34,BBP34,exact brand + precise model boundary; carried in the canonical seed at known/private/unmonitored
overlay_182,user_authoritative_addition,Höfner 500/1 German Reissue,Höfner,Höfner 500/1 German Reissue,matchable_canonical_product,excluded,missing_from_kg,,added_verified_kg_product,hofner,hofner-500-1-german-reissue,500/1 German Reissue,exact brand + precise model boundary; carried in the canonical seed at known/private/unmonitored
overlay_182,user_authoritative_addition,Höfner Contemporary H500/1,Höfner,Höfner Contemporary H500/1,matchable_canonical_product,excluded,missing_from_kg,,added_verified_kg_product,hofner,hofner-contemporary-h500-1,Contemporary H500/1,exact brand + precise model boundary; carried in the canonical seed at known/private/unmonitored
overlay_182,user_authoritative_addition,Höfner Ignition HI-BB,Höfner,Höfner Ignition HI-BB,matchable_canonical_product,excluded,missing_from_kg,,added_verified_kg_product,hofner,hofner-ignition-hi-bb,Ignition HI-BB,exact brand + precise model boundary; carried in the canonical seed at known/private/unmonitored
overlay_182,user_authoritative_addition,Music Man StingRay (USA),Music Man,Music Man StingRay (USA),matchable_canonical_product,excluded,missing_from_kg,,added_verified_kg_product,music-man,music-man-stingray-usa,StingRay (USA),exact brand + precise model boundary; carried in the canonical seed at known/private/unmonitored
overlay_182,user_authoritative_addition,Sterling by Music Man,Sterling,Sterling by Music Man,matchable_canonical_product,excluded,missing_from_kg,,added_verified_kg_product,sterling,sterling-by-music-man,by Music Man,exact brand + precise model boundary; carried in the canonical seed at known/private/unmonitored
overlay_182,user_authoritative_addition,Rickenbacker 4001,Rickenbacker,Rickenbacker 4001,matchable_canonical_product,excluded,missing_from_kg,,added_verified_kg_product,rickenbacker,rickenbacker-4001,4001,exact brand + precise model boundary; carried in the canonical seed at known/private/unmonitored
overlay_182,user_authoritative_addition,Rickenbacker 4003,Rickenbacker,Rickenbacker 4003,matchable_canonical_product,reserve,missing_from_kg,,added_verified_kg_product,rickenbacker,rickenbacker-4003,4003,exact brand + precise model boundary; carried in the canonical seed at known/private/unmonitored
overlay_182,user_authoritative_addition,Martin D-28,Martin,Martin D-28,matchable_canonical_product,core,exact_kg_product,martin-d-28,existing_exact_kg_product,,,D-28,already in the KG as martin-d-28
overlay_182,user_authoritative_addition,Martin HD-28,Martin,Martin HD-28,matchable_canonical_product,excluded,missing_from_kg,,added_verified_kg_product,martin,martin-hd-28,HD-28,exact brand + precise model boundary; carried in the canonical seed at known/private/unmonitored
overlay_182,user_authoritative_addition,Martin D-18,Martin,Martin D-18,matchable_canonical_product,excluded,missing_from_kg,,added_verified_kg_product,martin,martin-d-18,D-18,exact brand + precise model boundary; carried in the canonical seed at known/private/unmonitored
overlay_182,user_authoritative_addition,Martin 0-18,Martin,Martin 0-18,matchable_canonical_product,excluded,missing_from_kg,,added_verified_kg_product,martin,martin-0-18,0-18,exact brand + precise model boundary; carried in the canonical seed at known/private/unmonitored
overlay_182,user_authoritative_addition,Martin 00-18,Martin,Martin 00-18,matchable_canonical_product,excluded,missing_from_kg,,added_verified_kg_product,martin,martin-00-18,00-18,exact brand + precise model boundary; carried in the canonical seed at known/private/unmonitored
overlay_182,user_authoritative_addition,Martin 000-18,Martin,Martin 000-18,matchable_canonical_product,excluded,missing_from_kg,,added_verified_kg_product,martin,martin-000-18,000-18,exact brand + precise model boundary; carried in the canonical seed at known/private/unmonitored
overlay_182,user_authoritative_addition,Martin 000-28,Martin,Martin 000-28,matchable_canonical_product,reserve,missing_from_kg,,added_verified_kg_product,martin,martin-000-28,000-28,exact brand + precise model boundary; carried in the canonical seed at known/private/unmonitored
overlay_182,user_authoritative_addition,Martin OM-28,Martin,Martin OM-28,matchable_canonical_product,excluded,missing_from_kg,,added_verified_kg_product,martin,martin-om-28,OM-28,exact brand + precise model boundary; carried in the canonical seed at known/private/unmonitored
overlay_182,user_authoritative_addition,Gibson J-45,Gibson,Gibson J-45,matchable_canonical_product,core,partial_family_multiple_kg_rows,gibson-j-45,existing_exact_kg_product,,,J-45,already in the KG as gibson-j-45
overlay_182,user_authoritative_addition,Gibson Hummingbird,Gibson,Gibson Hummingbird,matchable_canonical_product,core,partial_family_multiple_kg_rows,gibson-hummingbird,existing_exact_kg_product,,,Hummingbird,already in the KG as gibson-hummingbird
overlay_182,user_authoritative_addition,Gibson L-00,Gibson,Gibson L-00,matchable_canonical_product,reserve,partial_family_multiple_kg_rows,,existing_exact_kg_product,,,L-00,canonical survivor selected from a polluted family; no consolidation required
overlay_182,user_authoritative_addition,Taylor 314ce,Taylor,Taylor 314ce,matchable_canonical_product,excluded,missing_from_kg,,added_verified_kg_product,taylor,taylor-314ce,314ce,exact brand + precise model boundary; carried in the canonical seed at known/private/unmonitored
overlay_182,user_authoritative_addition,Taylor GS Mini,Taylor,Taylor GS Mini,matchable_canonical_product,excluded,missing_from_kg,,added_verified_kg_product,taylor,taylor-gs-mini,GS Mini,exact brand + precise model boundary; carried in the canonical seed at known/private/unmonitored
overlay_182,user_authoritative_addition,Korg SDD-3000 (rackmount),Korg,Korg SDD-3000 (rackmount),matchable_canonical_product,excluded,missing_from_kg,,added_verified_kg_product,korg,korg-sdd-3000-rackmount,SDD-3000 (rackmount),exact brand + precise model boundary; carried in the canonical seed at known/private/unmonitored
overlay_182,user_authoritative_addition,Korg SDD-3000 Pedal,Korg,Korg SDD-3000 Pedal,matchable_canonical_product,excluded,missing_from_kg,,added_verified_kg_product,korg,korg-sdd-3000-pedal,SDD-3000 Pedal,exact brand + precise model boundary; carried in the canonical seed at known/private/unmonitored
overlay_182,user_authoritative_addition,Boss PH-1,Boss,Boss PH-1,matchable_canonical_product,excluded,missing_from_kg,,added_verified_kg_product,boss,boss-ph-1,PH-1,exact brand + precise model boundary; carried in the canonical seed at known/private/unmonitored
overlay_182,user_authoritative_addition,Boss PH-1R,Boss,Boss PH-1R,matchable_canonical_product,excluded,missing_from_kg,,added_verified_kg_product,boss,boss-ph-1r,PH-1R,exact brand + precise model boundary; carried in the canonical seed at known/private/unmonitored
overlay_182,user_authoritative_addition,Boss PH-3,Boss,Boss PH-3,matchable_canonical_product,reserve,partial_family_multiple_kg_rows,,existing_exact_kg_product,,,PH-3,canonical survivor selected from a polluted family; no consolidation required
overlay_182,user_authoritative_addition,Boss CE-2,Boss,Boss CE-2,matchable_canonical_product,excluded,missing_from_kg,,added_verified_kg_product,boss,boss-ce-2,CE-2,exact brand + precise model boundary; carried in the canonical seed at known/private/unmonitored
overlay_182,user_authoritative_addition,Boss CE-2W,Boss,Boss CE-2W,matchable_canonical_product,excluded,missing_from_kg,,added_verified_kg_product,boss,boss-ce-2w,CE-2W,exact brand + precise model boundary; carried in the canonical seed at known/private/unmonitored
overlay_182,user_authoritative_addition,Boss DS-1,Boss,Boss DS-1,matchable_canonical_product,reserve,partial_family_multiple_kg_rows,,existing_exact_kg_product,,,DS-1,canonical survivor selected from a polluted family; no consolidation required
overlay_182,user_authoritative_addition,Boss SD-1,Boss,Boss SD-1,matchable_canonical_product,excluded,missing_from_kg,,added_verified_kg_product,boss,boss-sd-1,SD-1,exact brand + precise model boundary; carried in the canonical seed at known/private/unmonitored
overlay_182,user_authoritative_addition,EHX Deluxe Memory Man (vintage MN3005),Electro-Harmonix,EHX Deluxe Memory Man (vintage MN3005),matchable_canonical_product,excluded,missing_from_kg,,added_verified_kg_product,electro-harmonix,ehx-deluxe-memory-man-vintage-mn3005,EHX Deluxe Memory Man (vintage MN3005),exact brand + precise model boundary; carried in the canonical seed at known/private/unmonitored
overlay_182,user_authoritative_addition,EHX Deluxe Memory Man XO,Electro-Harmonix,EHX Deluxe Memory Man XO,matchable_canonical_product,excluded,missing_from_kg,,added_verified_kg_product,electro-harmonix,ehx-deluxe-memory-man-xo,EHX Deluxe Memory Man XO,exact brand + precise model boundary; carried in the canonical seed at known/private/unmonitored
overlay_182,user_authoritative_addition,EHX Deluxe Memory Man 550-TT,Electro-Harmonix,EHX Deluxe Memory Man 550-TT,matchable_canonical_product,excluded,missing_from_kg,,added_verified_kg_product,electro-harmonix,ehx-deluxe-memory-man-550-tt,EHX Deluxe Memory Man 550-TT,exact brand + precise model boundary; carried in the canonical seed at known/private/unmonitored
overlay_182,user_authoritative_addition,EHX Deluxe Memory Man 1100-TT,Electro-Harmonix,EHX Deluxe Memory Man 1100-TT,matchable_canonical_product,excluded,missing_from_kg,,added_verified_kg_product,electro-harmonix,ehx-deluxe-memory-man-1100-tt,EHX Deluxe Memory Man 1100-TT,exact brand + precise model boundary; carried in the canonical seed at known/private/unmonitored
overlay_182,user_authoritative_addition,EHX Memory Man Nano,Electro-Harmonix,EHX Memory Man Nano,matchable_canonical_product,excluded,missing_from_kg,,added_verified_kg_product,electro-harmonix,ehx-memory-man-nano,EHX Memory Man Nano,exact brand + precise model boundary; carried in the canonical seed at known/private/unmonitored
overlay_182,user_authoritative_addition,Tokai Springy Sound,Tokai,Tokai Springy Sound,matchable_canonical_product,excluded,missing_from_kg,,added_verified_kg_product,tokai,tokai-springy-sound,Springy Sound,exact brand + precise model boundary; carried in the canonical seed at known/private/unmonitored
overlay_182,user_authoritative_addition,Tokai Breezy Sound,Tokai,Tokai Breezy Sound,matchable_canonical_product,excluded,missing_from_kg,,added_verified_kg_product,tokai,tokai-breezy-sound,Breezy Sound,exact brand + precise model boundary; carried in the canonical seed at known/private/unmonitored
overlay_182,user_authoritative_addition,Tokai Love Rock,Tokai,Tokai Love Rock,matchable_canonical_product,excluded,missing_from_kg,,added_verified_kg_product,tokai,tokai-love-rock,Love Rock,exact brand + precise model boundary; carried in the canonical seed at known/private/unmonitored
overlay_182,user_authoritative_addition,Greco Spacey Sound,Greco,Greco Spacey Sound,matchable_canonical_product,excluded,missing_from_kg,,added_verified_kg_product,greco,greco-spacey-sound,Spacey Sound,exact brand + precise model boundary; carried in the canonical seed at known/private/unmonitored
overlay_182,user_authoritative_addition,Greco Super Real,Greco,Greco Super Real,matchable_canonical_product,excluded,missing_from_kg,,added_verified_kg_product,greco,greco-super-real,Super Real,exact brand + precise model boundary; carried in the canonical seed at known/private/unmonitored
overlay_182,user_authoritative_addition,Greco Mint Collection,Greco,Greco Mint Collection,matchable_canonical_product,excluded,missing_from_kg,,added_verified_kg_product,greco,greco-mint-collection,Mint Collection,exact brand + precise model boundary; carried in the canonical seed at known/private/unmonitored
overlay_182,user_authoritative_addition,Burny Super Grade,Burny,Burny Super Grade,matchable_canonical_product,excluded,missing_from_kg,,added_verified_kg_product,burny,burny-super-grade,Super Grade,exact brand + precise model boundary; carried in the canonical seed at known/private/unmonitored
overlay_182,user_authoritative_addition,Fernandes The Function,Fernandes,Fernandes The Function,matchable_canonical_product,excluded,missing_from_kg,,added_verified_kg_product,fernandes,fernandes-the-function,The Function,exact brand + precise model boundary; carried in the canonical seed at known/private/unmonitored
overlay_182,user_authoritative_addition,Nash S-Model,Nash,Nash S-Model,matchable_canonical_product,excluded,missing_from_kg,,added_verified_kg_product,nash,nash-s-model,S-Model,exact brand + precise model boundary; carried in the canonical seed at known/private/unmonitored
overlay_182,user_authoritative_addition,Nash T-Model,Nash,Nash T-Model,matchable_canonical_product,excluded,missing_from_kg,,added_verified_kg_product,nash,nash-t-model,T-Model,exact brand + precise model boundary; carried in the canonical seed at known/private/unmonitored
overlay_182,user_authoritative_addition,Nash J-Model,Nash,Nash J-Model,matchable_canonical_product,excluded,missing_from_kg,,added_verified_kg_product,nash,nash-j-model,J-Model,exact brand + precise model boundary; carried in the canonical seed at known/private/unmonitored
overlay_182,user_authoritative_addition,Nash PB-Model,Nash,Nash PB-Model,matchable_canonical_product,excluded,missing_from_kg,,added_verified_kg_product,nash,nash-pb-model,PB-Model,exact brand + precise model boundary; carried in the canonical seed at known/private/unmonitored
overlay_182,user_authoritative_addition,Suhr Classic S,Suhr,Suhr Classic S,matchable_canonical_product,excluded,missing_from_kg,,added_verified_kg_product,suhr,suhr-classic-s,Classic S,exact brand + precise model boundary; carried in the canonical seed at known/private/unmonitored
overlay_182,user_authoritative_addition,Suhr Classic T,Suhr,Suhr Classic T,matchable_canonical_product,excluded,missing_from_kg,,added_verified_kg_product,suhr,suhr-classic-t,Classic T,exact brand + precise model boundary; carried in the canonical seed at known/private/unmonitored
overlay_182,user_authoritative_addition,Heritage H-150,Heritage,Heritage H-150,matchable_canonical_product,excluded,missing_from_kg,,added_verified_kg_product,heritage,heritage-h-150,H-150,exact brand + precise model boundary; carried in the canonical seed at known/private/unmonitored
overlay_182,user_authoritative_addition,Heritage H-535,Heritage,Heritage H-535,matchable_canonical_product,excluded,missing_from_kg,,added_verified_kg_product,heritage,heritage-h-535,H-535,exact brand + precise model boundary; carried in the canonical seed at known/private/unmonitored
overlay_182,user_authoritative_addition,Eastman SB59,Eastman,Eastman SB59,matchable_canonical_product,excluded,missing_from_kg,,added_verified_kg_product,eastman,eastman-sb59,SB59,exact brand + precise model boundary; carried in the canonical seed at known/private/unmonitored
overlay_182,user_authoritative_addition,Takamine F-360S,Takamine,Takamine F-360S,matchable_canonical_product,excluded,missing_from_kg,,added_verified_kg_product,takamine,takamine-f-360s,F-360S,exact brand + precise model boundary; carried in the canonical seed at known/private/unmonitored
overlay_182,assistant_obvious_challenger,Fender Mustang,Fender,Fender Mustang,matchable_canonical_product,excluded,exact_kg_product,fender-fender-fender-player-ii-mustang-pj-bass-coral-red,existing_exact_kg_product,,,Mustang,already in the KG as fender-fender-fender-player-ii-mustang-pj-bass-coral-red
overlay_182,assistant_obvious_challenger,Gibson Firebird,Gibson,Gibson Firebird,matchable_canonical_product,excluded,missing_from_kg,,added_verified_kg_product,gibson,gibson-firebird,Firebird,exact brand + precise model boundary; carried in the canonical seed at known/private/unmonitored
overlay_182,assistant_obvious_challenger,Gibson Explorer,Gibson,Gibson Explorer,matchable_canonical_product,excluded,missing_from_kg,,added_verified_kg_product,gibson,gibson-explorer,Explorer,exact brand + precise model boundary; carried in the canonical seed at known/private/unmonitored
overlay_182,assistant_obvious_challenger,Gibson Flying V,Gibson,Gibson Flying V,matchable_canonical_product,excluded,missing_from_kg,,added_verified_kg_product,gibson,gibson-flying-v,Flying V,exact brand + precise model boundary; carried in the canonical seed at known/private/unmonitored
overlay_182,assistant_obvious_challenger,Epiphone Casino,Epiphone,Epiphone Casino,matchable_canonical_product,excluded,missing_from_kg,,added_verified_kg_product,epiphone,epiphone-casino,Casino,exact brand + precise model boundary; carried in the canonical seed at known/private/unmonitored
overlay_182,assistant_obvious_challenger,Gretsch Duo Jet,Gretsch,Gretsch Duo Jet,matchable_canonical_product,excluded,missing_from_kg,,added_verified_kg_product,gretsch,gretsch-duo-jet,Duo Jet,exact brand + precise model boundary; carried in the canonical seed at known/private/unmonitored
overlay_182,assistant_obvious_challenger,Gretsch Country Gentleman,Gretsch,Gretsch Country Gentleman,matchable_canonical_product,excluded,missing_from_kg,,added_verified_kg_product,gretsch,gretsch-country-gentleman,Country Gentleman,exact brand + precise model boundary; carried in the canonical seed at known/private/unmonitored
overlay_182,assistant_obvious_challenger,Yamaha SG-2000,Yamaha,Yamaha SG-2000,matchable_canonical_product,excluded,missing_from_kg,,added_verified_kg_product,yamaha,yamaha-sg-2000,SG-2000,exact brand + precise model boundary; carried in the canonical seed at known/private/unmonitored
overlay_182,assistant_obvious_challenger,Fender Mustang Bass,Fender,Fender Mustang Bass,matchable_canonical_product,core,partial_family_multiple_kg_rows,fender-mustang-bass,existing_exact_kg_product,,,Mustang Bass,already in the KG as fender-mustang-bass
overlay_182,assistant_obvious_challenger,Gibson Thunderbird,Gibson,Gibson Thunderbird,matchable_canonical_product,reserve,missing_from_kg,,added_verified_kg_product,gibson,gibson-thunderbird,Thunderbird,exact brand + precise model boundary; carried in the canonical seed at known/private/unmonitored
overlay_182,assistant_obvious_challenger,Gibson SJ-200,Gibson,Gibson SJ-200,matchable_canonical_product,core,partial_family_multiple_kg_rows,gibson-sj-200-original,existing_exact_kg_product,,,SJ-200,already in the KG as gibson-sj-200-original
overlay_182,assistant_obvious_challenger,Guild D-55,Guild,Guild D-55,matchable_canonical_product,excluded,missing_from_kg,,added_verified_kg_product,guild,guild-d-55,D-55,exact brand + precise model boundary; carried in the canonical seed at known/private/unmonitored
overlay_182,assistant_obvious_challenger,Taylor 814ce,Taylor,Taylor 814ce,matchable_canonical_product,excluded,missing_from_kg,,added_verified_kg_product,taylor,taylor-814ce,814ce,exact brand + precise model boundary; carried in the canonical seed at known/private/unmonitored
overlay_182,assistant_obvious_challenger,Boss CE-1,Boss,Boss CE-1,matchable_canonical_product,excluded,missing_from_kg,,added_verified_kg_product,boss,boss-ce-1,CE-1,exact brand + precise model boundary; carried in the canonical seed at known/private/unmonitored
overlay_182,assistant_obvious_challenger,Boss DM-2,Boss,Boss DM-2,matchable_canonical_product,excluded,missing_from_kg,,added_verified_kg_product,boss,boss-dm-2,DM-2,exact brand + precise model boundary; carried in the canonical seed at known/private/unmonitored
overlay_182,assistant_obvious_challenger,Boss DM-2W,Boss,Boss DM-2W,matchable_canonical_product,excluded,missing_from_kg,,added_verified_kg_product,boss,boss-dm-2w,DM-2W,exact brand + precise model boundary; carried in the canonical seed at known/private/unmonitored
overlay_182,assistant_obvious_challenger,Boss OD-1,Boss,Boss OD-1,matchable_canonical_product,excluded,missing_from_kg,,added_verified_kg_product,boss,boss-od-1,OD-1,exact brand + precise model boundary; carried in the canonical seed at known/private/unmonitored
overlay_182,assistant_obvious_challenger,Boss HM-2,Boss,Boss HM-2,matchable_canonical_product,excluded,exact_kg_product,boss-boss-boss-hm-2-heavy-metal-pedal--black-label-made-in-japan-1985-w-box--serial-no-573600-1985,existing_exact_kg_product,,,HM-2,already in the KG as boss-boss-boss-hm-2-heavy-metal-pedal--black-label-made-in-japan-1985-w-box--serial-no-573600-1985
overlay_182,assistant_obvious_challenger,Boss BD-2,Boss,Boss BD-2,matchable_canonical_product,excluded,missing_from_kg,,added_verified_kg_product,boss,boss-bd-2,BD-2,exact brand + precise model boundary; carried in the canonical seed at known/private/unmonitored
overlay_182,assistant_obvious_challenger,EHX Big Muff Pi Triangle,Electro-Harmonix,EHX Big Muff Pi Triangle,matchable_canonical_product,excluded,missing_from_kg,,added_verified_kg_product,electro-harmonix,ehx-big-muff-pi-triangle,EHX Big Muff Pi Triangle,exact brand + precise model boundary; carried in the canonical seed at known/private/unmonitored
overlay_182,assistant_obvious_challenger,EHX Big Muff Pi Ram's Head,Electro-Harmonix,EHX Big Muff Pi Ram's Head,matchable_canonical_product,excluded,missing_from_kg,,added_verified_kg_product,electro-harmonix,ehx-big-muff-pi-ram-s-head,EHX Big Muff Pi Ram's Head,exact brand + precise model boundary; carried in the canonical seed at known/private/unmonitored
overlay_182,assistant_obvious_challenger,EHX Big Muff Pi Russian,Electro-Harmonix,EHX Big Muff Pi Russian,matchable_canonical_product,excluded,missing_from_kg,,added_verified_kg_product,electro-harmonix,ehx-big-muff-pi-russian,EHX Big Muff Pi Russian,exact brand + precise model boundary; carried in the canonical seed at known/private/unmonitored
overlay_182,assistant_obvious_challenger,EHX Big Muff Pi Op-Amp,Electro-Harmonix,EHX Big Muff Pi Op-Amp,matchable_canonical_product,excluded,missing_from_kg,,added_verified_kg_product,electro-harmonix,ehx-big-muff-pi-op-amp,EHX Big Muff Pi Op-Amp,exact brand + precise model boundary; carried in the canonical seed at known/private/unmonitored
overlay_182,assistant_obvious_challenger,EHX Big Muff Pi (current),Electro-Harmonix,EHX Big Muff Pi (current),matchable_canonical_product,excluded,missing_from_kg,,added_verified_kg_product,electro-harmonix,ehx-big-muff-pi-current,EHX Big Muff Pi (current),exact brand + precise model boundary; carried in the canonical seed at known/private/unmonitored
overlay_182,assistant_obvious_challenger,Ibanez TS808,Ibanez,Ibanez TS808,matchable_canonical_product,excluded,missing_from_kg,,added_verified_kg_product,ibanez,ibanez-ts808,TS808,exact brand + precise model boundary; carried in the canonical seed at known/private/unmonitored
overlay_182,assistant_obvious_challenger,Ibanez TS9,Ibanez,Ibanez TS9,matchable_canonical_product,excluded,missing_from_kg,,added_verified_kg_product,ibanez,ibanez-ts9,TS9,exact brand + precise model boundary; carried in the canonical seed at known/private/unmonitored
overlay_182,assistant_obvious_challenger,Pro Co RAT / RAT2,Pro Co,Pro Co RAT / RAT2,matchable_canonical_product,excluded,missing_from_kg,,added_verified_kg_product,pro-co,pro-co-rat-rat2,RAT / RAT2,exact brand + precise model boundary; carried in the canonical seed at known/private/unmonitored
overlay_182,assistant_obvious_challenger,Klon Centaur,Klon,Klon Centaur,matchable_canonical_product,excluded,missing_from_kg,,added_verified_kg_product,klon,klon-centaur,Centaur,exact brand + precise model boundary; carried in the canonical seed at known/private/unmonitored
overlay_182,assistant_obvious_challenger,Klon KTR,Klon,Klon KTR,matchable_canonical_product,excluded,missing_from_kg,,added_verified_kg_product,klon,klon-ktr,KTR,exact brand + precise model boundary; carried in the canonical seed at known/private/unmonitored
overlay_182,assistant_obvious_challenger,MXR Phase 90,MXR,MXR Phase 90,matchable_canonical_product,excluded,missing_from_kg,,added_verified_kg_product,mxr,mxr-phase-90,Phase 90,exact brand + precise model boundary; carried in the canonical seed at known/private/unmonitored
overlay_182,assistant_obvious_challenger,Strymon TimeLine,Strymon,Strymon TimeLine,matchable_canonical_product,reserve,exact_kg_product,strymon-timeline,existing_exact_kg_product,,,TimeLine,already in the KG as strymon-timeline
overlay_182,assistant_obvious_challenger,Fender Deluxe Reverb (vintage),Fender,Fender Deluxe Reverb (vintage),matchable_canonical_product,excluded,missing_from_kg,,added_verified_kg_product,fender,fender-deluxe-reverb-vintage,Deluxe Reverb (vintage),exact brand + precise model boundary; carried in the canonical seed at known/private/unmonitored
overlay_182,assistant_obvious_challenger,Fender '65 Deluxe Reverb Reissue,Fender,Fender '65 Deluxe Reverb Reissue,matchable_canonical_product,excluded,missing_from_kg,,added_verified_kg_product,fender,fender-65-deluxe-reverb-reissue,'65 Deluxe Reverb Reissue,exact brand + precise model boundary; carried in the canonical seed at known/private/unmonitored
overlay_182,assistant_obvious_challenger,Fender '68 Custom Deluxe Reverb,Fender,Fender '68 Custom Deluxe Reverb,matchable_canonical_product,excluded,missing_from_kg,,added_verified_kg_product,fender,fender-68-custom-deluxe-reverb,'68 Custom Deluxe Reverb,exact brand + precise model boundary; carried in the canonical seed at known/private/unmonitored
overlay_182,assistant_obvious_challenger,Fender Tone Master Deluxe Reverb,Fender,Fender Tone Master Deluxe Reverb,matchable_canonical_product,excluded,missing_from_kg,,added_verified_kg_product,fender,fender-tone-master-deluxe-reverb,Tone Master Deluxe Reverb,exact brand + precise model boundary; carried in the canonical seed at known/private/unmonitored
overlay_182,assistant_obvious_challenger,Fender Princeton Reverb (vintage),Fender,Fender Princeton Reverb (vintage),matchable_canonical_product,excluded,missing_from_kg,,added_verified_kg_product,fender,fender-princeton-reverb-vintage,Princeton Reverb (vintage),exact brand + precise model boundary; carried in the canonical seed at known/private/unmonitored
overlay_182,assistant_obvious_challenger,Fender '65 Princeton Reverb Reissue,Fender,Fender '65 Princeton Reverb Reissue,matchable_canonical_product,excluded,missing_from_kg,,added_verified_kg_product,fender,fender-65-princeton-reverb-reissue,'65 Princeton Reverb Reissue,exact brand + precise model boundary; carried in the canonical seed at known/private/unmonitored
overlay_182,assistant_obvious_challenger,Fender Tone Master Princeton Reverb,Fender,Fender Tone Master Princeton Reverb,matchable_canonical_product,excluded,missing_from_kg,,added_verified_kg_product,fender,fender-tone-master-princeton-reverb,Tone Master Princeton Reverb,exact brand + precise model boundary; carried in the canonical seed at known/private/unmonitored
overlay_182,assistant_obvious_challenger,Fender Twin Reverb (vintage),Fender,Fender Twin Reverb (vintage),matchable_canonical_product,reserve,missing_from_kg,,added_verified_kg_product,fender,fender-twin-reverb-vintage,Twin Reverb (vintage),exact brand + precise model boundary; carried in the canonical seed at known/private/unmonitored
overlay_182,assistant_obvious_challenger,Fender '65 Twin Reverb Reissue,Fender,Fender '65 Twin Reverb Reissue,matchable_canonical_product,excluded,missing_from_kg,,added_verified_kg_product,fender,fender-65-twin-reverb-reissue,'65 Twin Reverb Reissue,exact brand + precise model boundary; carried in the canonical seed at known/private/unmonitored
overlay_182,assistant_obvious_challenger,Fender Tone Master Twin Reverb,Fender,Fender Tone Master Twin Reverb,matchable_canonical_product,excluded,missing_from_kg,,added_verified_kg_product,fender,fender-tone-master-twin-reverb,Tone Master Twin Reverb,exact brand + precise model boundary; carried in the canonical seed at known/private/unmonitored
overlay_182,assistant_obvious_challenger,Marshall JTM45,Marshall,Marshall JTM45,matchable_canonical_product,excluded,missing_from_kg,,added_verified_kg_product,marshall,marshall-jtm45,JTM45,exact brand + precise model boundary; carried in the canonical seed at known/private/unmonitored
overlay_182,assistant_obvious_challenger,Marshall Super Lead / Plexi,Marshall,Marshall Super Lead / Plexi,matchable_canonical_product,excluded,missing_from_kg,,added_verified_kg_product,marshall,marshall-super-lead-plexi,Super Lead / Plexi,exact brand + precise model boundary; carried in the canonical seed at known/private/unmonitored
overlay_182,assistant_obvious_challenger,Marshall JCM800 2203,Marshall,Marshall JCM800 2203,matchable_canonical_product,excluded,missing_from_kg,,added_verified_kg_product,marshall,marshall-jcm800-2203,JCM800 2203,exact brand + precise model boundary; carried in the canonical seed at known/private/unmonitored
overlay_182,assistant_obvious_challenger,Marshall JCM800 2204,Marshall,Marshall JCM800 2204,matchable_canonical_product,reserve,missing_from_kg,,added_verified_kg_product,marshall,marshall-jcm800-2204,JCM800 2204,exact brand + precise model boundary; carried in the canonical seed at known/private/unmonitored
overlay_182,assistant_obvious_challenger,Vox AC30 (vintage),Vox,Vox AC30 (vintage),matchable_canonical_product,excluded,missing_from_kg,,added_verified_kg_product,vox,vox-ac30-vintage,AC30 (vintage),exact brand + precise model boundary; carried in the canonical seed at known/private/unmonitored
overlay_182,assistant_obvious_challenger,Mesa/Boogie Dual Rectifier,Mesa/Boogie,Mesa/Boogie Dual Rectifier,matchable_canonical_product,excluded,missing_from_kg,,added_verified_kg_product,mesa-boogie,mesa-boogie-dual-rectifier,Dual Rectifier,exact brand + precise model boundary; carried in the canonical seed at known/private/unmonitored
overlay_182,assistant_obvious_challenger,Mesa/Boogie Mark IIC+,Mesa/Boogie,Mesa/Boogie Mark IIC+,matchable_canonical_product,excluded,missing_from_kg,,added_verified_kg_product,mesa-boogie,mesa-boogie-mark-iic,Mark IIC+,exact brand + precise model boundary; carried in the canonical seed at known/private/unmonitored
overlay_182,assistant_obvious_challenger,Roland JC-120,Roland,Roland JC-120,matchable_canonical_product,reserve,partial_family_multiple_kg_rows,,existing_exact_kg_product,,,JC-120,canonical survivor selected from a polluted family; no consolidation required
overlay_182,assistant_obvious_challenger,Ampeg B-15,Ampeg,Ampeg B-15,matchable_canonical_product,excluded,missing_from_kg,,added_verified_kg_product,ampeg,ampeg-b-15,B-15,exact brand + precise model boundary; carried in the canonical seed at known/private/unmonitored
overlay_182,assistant_obvious_challenger,Ampeg SVT,Ampeg,Ampeg SVT,matchable_canonical_product,excluded,missing_from_kg,,added_verified_kg_product,ampeg,ampeg-svt,SVT,exact brand + precise model boundary; carried in the canonical seed at known/private/unmonitored
gross_list_336,gross_list_336,Roland Juno-106 / HS-60,Roland,Juno-106,matchable_canonical_product,core,exact_kg_product,roland-juno-106,existing_exact_kg_product,,,,already in the KG as roland-juno-106
gross_list_336,gross_list_336,Roland Juno-60,Roland,Juno-60,matchable_canonical_product,core,exact_kg_product,roland-juno-60,existing_exact_kg_product,,,,already in the KG as roland-juno-60
gross_list_336,gross_list_336,Roland TR-909,Roland,TR-909,matchable_canonical_product,core,exact_kg_product,roland-tr-909,existing_exact_kg_product,,,,already in the KG as roland-tr-909
gross_list_336,gross_list_336,Moog Minimoog Model D,Moog,Minimoog,matchable_canonical_product,core,exact_kg_product,moog-minimoog,existing_exact_kg_product,,,,already in the KG as moog-minimoog
gross_list_336,gross_list_336,Roland TR-808,Roland,TR-808,matchable_canonical_product,core,exact_kg_product,roland-tr-808,existing_exact_kg_product,,,,already in the KG as roland-tr-808
gross_list_336,gross_list_336,Korg MS-20,Korg,MS-20,matchable_canonical_product,core,exact_kg_product,korg-ms-20,existing_exact_kg_product,,,,already in the KG as korg-ms-20
gross_list_336,gross_list_336,Rhodes Mark I / Mark II / Mark V Stage,Rhodes,Mark I Suitcase 73,matchable_canonical_product,core,exact_kg_product,rhodes-mark-i-suitcase-73,existing_exact_kg_product,,,,already in the KG as rhodes-mark-i-suitcase-73
gross_list_336,gross_list_336,Roland RE-101 / RE-150 / RE-201 / RE-301 Space Echo,Roland,RE-201,matchable_canonical_product,core,exact_kg_product,roland-re-201,existing_exact_kg_product,,,,already in the KG as roland-re-201
gross_list_336,gross_list_336,Sequential Circuits Prophet-10,Sequential,Prophet-10,matchable_canonical_product,core,exact_kg_product,sequential-prophet-10,existing_exact_kg_product,,,,already in the KG as sequential-prophet-10
gross_list_336,gross_list_336,Roland Jupiter-8,Roland,Jupiter-8,matchable_canonical_product,core,exact_kg_product,roland-jupiter-8,existing_exact_kg_product,,,,already in the KG as roland-jupiter-8
gross_list_336,gross_list_336,Roland SH-101,Roland,SH-101,matchable_canonical_product,core,exact_kg_product,roland-sh-101,existing_exact_kg_product,,,,already in the KG as roland-sh-101
gross_list_336,gross_list_336,Rhodes Mark I / Mark II / Mark V Stage,Rhodes,Mark II Stage 73,matchable_canonical_product,core,exact_kg_product,rhodes-mark-ii-stage-73,existing_exact_kg_product,,,,already in the KG as rhodes-mark-ii-stage-73
gross_list_336,gross_list_336,Neumann U87 / U87 Ai,Neumann,U 87 Ai,matchable_canonical_product,core,exact_kg_product,neumann-u87ai,existing_exact_kg_product,,,,already in the KG as neumann-u87ai
gross_list_336,gross_list_336,Roland Juno-6,Roland,Juno-6,matchable_canonical_product,core,exact_kg_product,roland-juno-6,existing_exact_kg_product,,,,already in the KG as roland-juno-6
gross_list_336,gross_list_336,Rhodes Mark I / Mark II / Mark V Stage,Rhodes,Mark I Stage 73,matchable_canonical_product,core,exact_kg_product,rhodes-mark-i-stage-73,existing_exact_kg_product,,,,already in the KG as rhodes-mark-i-stage-73
gross_list_336,gross_list_336,Roland RE-501 / SRE-555 Chorus Echo,Roland,RE-501,matchable_canonical_product,core,exact_kg_product,roland-re-501,existing_exact_kg_product,,,,already in the KG as roland-re-501
gross_list_336,gross_list_336,Roland TR-707 / TR-727,Roland,TR-707,matchable_canonical_product,core,exact_kg_product,roland-tr-707,existing_exact_kg_product,,,,already in the KG as roland-tr-707
gross_list_336,gross_list_336,Moog Minimoog Model D,Moog,Model D,matchable_canonical_product,core,exact_kg_product,moog-model-d,existing_exact_kg_product,,,,already in the KG as moog-model-d
gross_list_336,gross_list_336,Wurlitzer 200 / 200A / 204,Wurlitzer,200A,matchable_canonical_product,core,exact_kg_product,wurlitzer-200a,existing_exact_kg_product,,,,already in the KG as wurlitzer-200a
gross_list_336,gross_list_336,E-MU Systems SP-12 / SP-1200,E Mu,SP-1200,matchable_canonical_product,core,exact_kg_product,emu-sp-1200,existing_exact_kg_product,,,,already in the KG as emu-sp-1200
gross_list_336,gross_list_336,Tube-Tech CL 1B,Tube-Tech,CL 1B,matchable_canonical_product,core,exact_kg_product,tube-tech-cl1b,existing_exact_kg_product,,,,already in the KG as tube-tech-cl1b
gross_list_336,gross_list_336,Universal Audio 1176LN / 1176SE,Universal Audio,1176LN,matchable_canonical_product,core,exact_kg_product,ua-1176ln,existing_exact_kg_product,,,,already in the KG as ua-1176ln
gross_list_336,gross_list_336,Korg Mono/Poly,Korg,MONO/POLY,matchable_canonical_product,core,exact_kg_product,korg-mono-poly,existing_exact_kg_product,,,,already in the KG as korg-mono-poly
gross_list_336,gross_list_336,Korg Polysix,Korg,PolySix,matchable_canonical_product,core,exact_kg_product,korg-polysix,existing_exact_kg_product,,,,already in the KG as korg-polysix
gross_list_336,gross_list_336,Roland Jupiter-4,Roland,Jupiter-4,matchable_canonical_product,core,exact_kg_product,roland-jupiter-4,existing_exact_kg_product,,,,already in the KG as roland-jupiter-4
gross_list_336,gross_list_336,Yamaha DX7 / DX7II,Yamaha,DX7,matchable_canonical_product,core,exact_kg_product,yamaha-dx7,existing_exact_kg_product,,,,already in the KG as yamaha-dx7
gross_list_336,gross_list_336,Manley VOXBOX,Manley,VOXBOX,matchable_canonical_product,core,exact_kg_product,manley-voxbox,existing_exact_kg_product,,,,already in the KG as manley-voxbox
gross_list_336,gross_list_336,Roland TR-606,Roland,TR-606,matchable_canonical_product,core,exact_kg_product,roland-tr-606,existing_exact_kg_product,,,,already in the KG as roland-tr-606
gross_list_336,gross_list_336,Tube-Tech LCA 2B,Tube-Tech,LCA 2B,matchable_canonical_product,core,exact_kg_product,tube-tech-lca-2b,existing_exact_kg_product,,,,already in the KG as tube-tech-lca-2b
gross_list_336,gross_list_336,Roland System-100 / 100M,Roland,System 100,matchable_canonical_product,core,exact_kg_product,roland-system-100,existing_exact_kg_product,,,,already in the KG as roland-system-100
gross_list_336,gross_list_336,Rupert Neve Designs Master Buss Processor,Neve,Portico II Master Buss Processor,matchable_canonical_product,core,exact_kg_product,neve-portico-ii-master-buss-processor,existing_exact_kg_product,,,,already in the KG as neve-portico-ii-master-buss-processor
gross_list_336,gross_list_336,Moog Source,Moog,Source,matchable_canonical_product,core,exact_kg_product,moog-source,existing_exact_kg_product,,,,already in the KG as moog-source
gross_list_336,gross_list_336,Roland TR-707 / TR-727,Roland,TR-727,matchable_canonical_product,reserve,exact_kg_product,roland-tr-727,existing_exact_kg_product,,,,already in the KG as roland-tr-727
