Brand	Product
Access	Virus A / B / C / TI
AKG	BX 20
AKG	C12 / C12 VR
AKG	C24
AKG	C414 (EB / comb / XLS)
AKG	D12 / D12E / D112
Akai	AX60 / AX73 / AX80
Akai	MPC60 / MPC60II
Akai	MPC3000
Akai	MPC2000 / MPC2000XL
Akai	S900 / S950
Akai	S1000 / S1100
Akai	S3000XL / S3200
Alesis	Andromeda A6
Alesis	HR-16 / HR-16B
Alesis	Quadrasynth
Alesis	SR-16
Altec	1567A Tube Mixer
Ampex	350 Tape Recorder
Ampex	ATR-102
AMS	DMX 15-80S
AMS Neve	1073SPX
AMS Neve	1073DPX
AMS Neve	33609/N
AMS Neve	8801
API	2500 / 2500+
API	3124V
API	550A
API	560
ARP	2500
ARP	2600
ARP	Avatar
ARP	Axxe
ARP	Odyssey
ARP	Omni I / II
ARP	Pro Soloist
ARP	Quadra
ARP	Solina String Ensemble
Aston Microphones	Origin
Aston Microphones	Spirit
Aston Microphones	Stealth
Audient	ASP800 / ASP880
Audient	iD44
Austrian Audio	OC818
Avalon	VT-737sp
Binson	Echorec / Echorec 2
Boss	DM-1 Delay Machine
Boss	DM-2 / DM-3 Delay
Buchla	200 / 200e Series
Buchla	Music Easel
Burl Audio	B2 Bomber ADC / DAC
Burl Audio	Mothership B16 / B80
Calrec	Vintage EQ / Compressor Modules
Casio	CZ-101 / CZ-1 / CZ-5000
Casio	FZ-1
Casio	RZ-1
Casio	SK-1 / SK-5
Casio	VL-1 (VL-Tone)
Casio	VZ-1
Chandler Limited	EMI TG12413 Zener Limiter
Chandler Limited	REDD.47 Preamp
Chandler Limited	RS124 Compressor
Chandler Limited	TG1 Limiter
Chandler Limited	TG12345 Curve Bender
Chilton	Talentmaker
Coles	4038
Crumar	Bit One / Bit 99
Crumar	Multiman / Orchestrator
Crumar	Performer
Crumar	Spirit
dbx	160
Dynacord	VRS-23
Eko	Computerhythm
Electro-Harmonix	Memory Man / Deluxe Memory Man
Electro-Voice	RE20
Elka	Rhapsody 490 / 610
Elka	Synthex
Elysia	Karacter
Elysia	Mpressor
Elysia	Museq
Elysia	Xfilter
E-MU Systems	Audity 2000
E-MU Systems	Emulator I / II / III
E-MU Systems	Morpheus
E-MU Systems	Orbit / Planet Phatt
E-MU Systems	Proteus 1 / 2 / 3
E-MU Systems	SP-12 / SP-1200
Eminent	Solina String Ensemble
Empirical Labs	EL8 / EL8X Distressor
EMS	Synthi AKS / Synthi 100
EMS	VCS3
Ensoniq	ASR-10 / ASR-X
Ensoniq	EPS / EPS-16+
Ensoniq	ESQ-1 / SQ-80
Ensoniq	Fizmo
Ensoniq	Mirage
Ensoniq	VFX / VFX-SD
Eventide	H3000
Evans	Echopet EP-50 / EP-100
EMT	140 Plate Reverb
EMT	250 Electronic Reverb
Fairchild	660 / 670
Fairlight	CMI Series I / II / III
Focusrite	ISA 110 / 130
Focusrite	ISA 428 / 828 MkII
Focusrite	ISA One
Focusrite	Red 1 / Red 2 / Red 3
Helios	Type 69
Hohner	Clavinet D6 / E7 / C
Hohner	Pianet N / T
Ibanez	AD-80 / AD-9 Analog Delay
Ibanez	AD-202 / AD-230 Rack Delay
Kawai	K1 / K1R
Kawai	K4 / K4R
Kawai	K5 / K5000S / K5000W
Kawai	SX-210 / SX-240
Klemt	Echolette NG51
Korg	Delta
Korg	M1
Korg	Minipops 7 / 120
Korg	Mono/Poly
Korg	MS-10 / MS-50
Korg	MS-20
Korg	MS-2000
Korg	PE-1000 / PE-2000 Polyphonic Ensemble
Korg	Poly-61
Korg	Poly-800
Korg	Polysix
Korg	Prophecy
Korg	SE-300 / SE-500 Stage Echo
Korg	Trident
Korg	Wavestation
Korg	Z1
Kush Audio	Clariphonic
Lexicon	224
Lexicon	480L
Lexicon	Prime Time Model 93 / Prime Time series
Linn	9000
Linn	LinnDrum
Linn	LM-1
Logan	String Melody / String Melody II
Maestro	Echoplex EP-1 / EP-2
Maestro	Echoplex EP-3 / EP-4
Manley	ELOP
Manley	Massive Passive
Manley	Reference Cardioid Microphone
Manley	VOXBOX
Mattel	Bee Gees Rhythm Machine
Mellotron	M400 / Mk II
Microtech Gefell	CMV 563
Microtech Gefell	M300
Microtech Gefell	M930 / M930 Ts
Microtech Gefell	PM 750
Microtech Gefell	UM 70 / UMT 70S
Moog	Liberation
Moog	Memorymoog
Moog	MF-104 Moogerfooger Analog Delay
Moog	Micromoog
Moog	Minimoog Model D
Moog	Modular System 35 / 55
Moog	Multimoog
Moog	Opus 3
Moog	Polymoog
Moog	Prodigy
Moog	Rogue
Moog	Sonic Six
Moog	Source
Moog	Taurus I / II / III
Moog	Vocoder
Moog	Voyager
Mu-Tron	Bi-Phase
MXR	Analog Delay Model 118 / 134
Neumann	KM53 / KM54 / KM56
Neumann	KM84 / KM184
Neumann	M49 / M50
Neumann	PEV / PEVb
Neumann	TLM 103
Neumann	U47
Neumann	U67
Neumann	U87 / U87 Ai
Neumann	U269
Neumann	V402
New England Digital	Synclavier I / II
Novation	Bass Station
Novation	Supernova I / II
Oberheim	DMX / DX
Oberheim	Matrix-6 / Matrix-12
Oberheim	OB-6
Oberheim	OB-8
Oberheim	OB-SX
Oberheim	OB-X
Oberheim	OB-Xa
Oberheim	SEM
Oberheim	Two-Voice / Four-Voice / Eight-Voice
Oberheim	Xpander
Optigan	Music Maker
PPG	Wave 2 / 2.2 / 2.3
PPG	Waveterm
Prism Sound	Atlas
Prism Sound	Dream ADA-8XR
Prism Sound	Lyra 1 / 2
Prism Sound	Titan
PSI Audio	A21-M
PSI Audio	A25-M
PSI Audio	AVAA C20
Pultec	EQP-1A / MEQ-5
RCA	44BX
RCA	77DX
RCA	KU3A
Retro Instruments	Revolver
Retro Instruments	Sta-Level
Rhodes	Chroma
Rhodes	Chroma Polaris
Rhodes	Mark I / Mark II / Mark V Stage
Rhodes	Piano Bass
Roland	Alpha Juno 1 / 2
Roland	CR-78
Roland	D-50
Roland	DC-10 / DC-30 Analog Chorus-Echo
Roland	JD-800
Roland	Juno-6
Roland	Juno-60
Roland	Juno-106 / HS-60
Roland	Jupiter-4
Roland	Jupiter-6
Roland	Jupiter-8
Roland	JX-3P
Roland	JX-8P / Super JX-10
Roland	MKS-80 Super Jupiter
Roland	Promars MRS-2
Roland	RE-101 / RE-150 / RE-201 / RE-301 Space Echo
Roland	RE-501 / SRE-555 Chorus Echo
Roland	RS-09 / RS-202 / RS-505
Roland	SH-2
Roland	SH-5
Roland	SH-101
Roland	System-100 / 100M
Roland	System-700
Roland	TB-303
Roland	TR-606
Roland	TR-707 / TR-727
Roland	TR-808
Roland	TR-909
Royer	R-121
Rupert Neve Designs	Master Buss Processor
Rupert Neve Designs	Shelford Channel
Schoeps	CM 60
Schoeps	Colette Series (CMC 6 / MK 4)
Schoeps	M 221B
Schoeps	V4 U
Sennheiser	MD21
Sennheiser	MD421 / MD421-II
Sennheiser	MD441-U
Sennheiser	MKH 416
Sennheiser	MKH 8040
Sennheiser	V472
Sequential Circuits	DrumTraks
Sequential Circuits	Multi-Trak
Sequential Circuits	Pro-One
Sequential Circuits	Prophet-5
Sequential Circuits	Prophet-10
Sequential Circuits	Prophet-600
Sequential Circuits	Prophet-T8
Sequential Circuits	Prophet-VS
Sequential Circuits	Six-Trak
Sequential Circuits	Studio 440
Shure	Level-Loc M62V
Shure	SM57 / SM57 Unidyne III
Shure	SM7B
Siel	Orchestra / Orchestra 2
Siemens	Sitral Series
Siemens	V72 / V74
Simmons	SDS-V / SDS-7 / SDS-8
Solid State Logic	4000 E / G Series
Solid State Logic	Bus+
Solid State Logic	Fusion
Solid State Logic	G-384 / G-Master Bus Compressor
Solid State Logic	Ultraviolet EQ
Solid State Logic	X-Desk / X-Panda
Sontronics	Aria
Sontronics	Saturn
Sontronics	Sigma / Delta
Sony	C37A
Sony	C500
Sony	C800 / C800G
SPL	Iron
SPL	Passeq
SPL	Transient Designer 4
SPL	Vitalizer MK2-T
Studer	A800
TAB	U73b
TAB	V72 / V76
TC Electronic	2290 Digital Delay
Tegeler Audio Manufaktur	Crème
Tegeler Audio Manufaktur	Magnetismus
Tegeler Audio Manufaktur	Schwerkraftmaschine
Tegeler Audio Manufaktur	VTRC
Telefunken	Ela M 251 / 251E
Telefunken	M15 / M15A
Telefunken	M80 / M81
Telefunken	TF11 / TF51
Telefunken	U47 / U48
Telefunken	V72 / V76
Teletronix	LA-2A
Thermionic Culture	Culture Vulture / Super Vulture
Thermionic Culture	Phoenix / Phoenix HG15
Thermionic Culture	Pullet
Thermionic Culture	Swift
Tube-Tech	CL 1B
Tube-Tech	LCA 2B
Tube-Tech	ME 1A
Tube-Tech	PE 1C
Tube-Tech	SMC 2B
Universal Audio	1176LN / 1176SE
UREI	LA-3A
Univox	EC-80 / EC-100 Tape Echo
Vako	Orchestron
Watkins / WEM	Copicat
Welte	Lichtton-Orgel
WSW	436512 Limiter
WSW	811403 Equalizer
Wurlitzer	112 / 120 / 140B
Wurlitzer	200 / 200A / 204
Yamaha	AN1x
Yamaha	CS-15 / CS-30 / CS-40M
Yamaha	CS-50 / CS-60
Yamaha	CS-70M
Yamaha	CS-80
Yamaha	DX1 / DX5
Yamaha	DX7 / DX7II
Yamaha	GX-1
Yamaha	RX5 / RX11
Yamaha	SS30
Yamaha	SY77 / SY99
Yamaha	TX81Z
Yamaha	TX816
